id;title;description;price;create_at
1;Buckinghamshire;Small online;46844;2020-05-20
2;copy Directives;Kuwait Sleek backing up;7262;2020-05-20
3;firewall;Cocos (Keeling) Islands visualize;73753;2020-05-20
4;microchip fuchsia Pre-emptive;PCI;17334;2020-05-19
5;Tunisia invoice;Egypt Money Market Account Gorgeous Wooden Pants;82178;2020-05-19
6;RSS HTTP transmitting;International static Borders;9452;2020-05-20
7;Taka;enhance;3596;2020-05-19
8;deposit user-centric Licensed;SAS generating;90791;2020-05-19
9;Refined Cotton Ball AI Borders;Planner Implementation Pre-emptive;5925;2020-05-20
10;Manager;Operations alarm matrix;906;2020-05-20
